Role,MS Copilot,ChatGPT,Google Gemini,Other AI Tools
Employed - executive or leader,3.5660377358490565,3.452830188679245,3.5660377358490565,2.7169811320754715
Employed - individual contributor,2.018867924528302,2.1792452830188678,2.1037735849056602,1.528301886792453
Employed - manager,3.464788732394366,3.3098591549295775,3.183098591549296,2.5492957746478875
Freelancer or self employed,1.6666666666666667,2.5,1.8,1.9333333333333333
Full time student,2.2267441860465116,3.4069767441860463,2.2093023255813953,1.8313953488372092
Not currently employed,2.4285714285714284,2.5,1.7857142857142858,2.0
Other,1.9090909090909092,2.4545454545454546,2.272727272727273,1.4090909090909092
Part time student,2.076923076923077,3.0,2.5384615384615383,2.1538461538461537
