Role,MS Copilot,ChatGPT,Google Gemini,Other AI Tools
Employed - executive or leader,3.5,3.423076923076923,3.5384615384615383,2.673076923076923
Employed - individual contributor,2.1136363636363638,2.1704545454545454,2.090909090909091,1.5
Employed - manager,3.550724637681159,3.420289855072464,3.289855072463768,2.608695652173913
Freelancer or self employed,1.7142857142857142,2.642857142857143,1.8928571428571428,1.9285714285714286
Not currently employed,2.2941176470588234,2.588235294117647,1.9411764705882353,1.9411764705882353
Other,2.125,2.5833333333333335,2.375,1.5
