Tool,Mean,SD,Median,Min,Max,N_Valid
MS Copilot,2.4636174636174637,1.3781126175659182,2.0,1,5,481
ChatGPT,2.9896049896049894,1.4295599737827436,3.0,1,5,481
Google Gemini,2.453222453222453,1.3793095383179232,2.0,1,5,481
Other AI Tools,1.9688149688149688,1.2183768441833316,1.0,1,5,481
