Tool,Mean,SD,Median,Min,Max,N_Valid
MS Copilot,2.4533898305084745,1.3707395498514425,2.0,1,5,472
ChatGPT,2.9766949152542375,1.4371058171393014,3.0,1,5,472
Google Gemini,2.4745762711864407,1.3820927201761775,2.0,1,5,472
Other AI Tools,1.978813559322034,1.2258608791793542,1.0,1,5,472
