Tool,Mean,SD,Median,Min,Max,N_Valid
MS Copilot,2.7014388489208634,1.452272493426772,3.0,1,5,278
ChatGPT,2.823741007194245,1.464826241654667,3.0,1,5,278
Google Gemini,2.6546762589928057,1.4355578807938816,3.0,1,5,278
Other AI Tools,2.064748201438849,1.2757591813172127,1.0,1,5,278
