Usage_Profile,PE,EE,SI,FC,HM,PV,HB,VO,TR,EX,ER,AX,BI
Non-User,2.0510204081632653,2.693877551020408,2.122448979591837,2.357142857142857,2.061224489795918,2.193877551020408,1.7346938775510203,1.846938775510204,2.0714285714285716,2.36734693877551,4.142857142857143,4.224489795918367,1.9183673469387754
Single-Tool,3.196078431372549,3.7254901960784315,2.843137254901961,3.0588235294117645,3.127450980392157,3.392156862745098,2.7941176470588234,3.2058823529411766,3.1862745098039214,3.2058823529411766,3.872549019607843,3.735294117647059,3.0098039215686274
Multi-Tool,3.724264705882353,4.0588235294117645,3.4191176470588234,3.5625,3.7794117647058822,3.8088235294117645,3.422794117647059,4.011029411764706,3.698529411764706,3.672794117647059,3.7794117647058822,3.411764705882353,3.641544117647059
