Usage_Profile,PE,EE,SI,FC,HM,PV,HB,VO,TR,EX,ER,AX,BI
Non-User,2.08955223880597,2.6417910447761193,2.1044776119402986,2.298507462686567,2.1343283582089554,2.283582089552239,1.8059701492537314,1.8059701492537314,2.08955223880597,2.2388059701492535,4.044776119402985,4.149253731343284,2.014925373134328
Single-Tool,3.3617021276595747,3.5531914893617023,3.148936170212766,3.148936170212766,3.382978723404255,3.5319148936170213,2.8297872340425534,3.234042553191489,3.297872340425532,3.1914893617021276,4.0,3.4893617021276597,3.276595744680851
Multi-Tool,3.8963414634146343,4.0182926829268295,3.7195121951219514,3.7560975609756095,3.957317073170732,4.012195121951219,3.548780487804878,4.0426829268292686,3.8963414634146343,3.8353658536585367,3.792682926829268,3.323170731707317,3.8719512195121952
