,Metric,Value,Threshold,Status
0,Chi-square,267.5635660655469,,
1,df,74.0,,
2,p-value,0.0,>0.05,×
3,Chi-square/df,3.615723865750634,2-5,√
4,CFI,0.8893399961199312,≥0.90,×
5,TLI,0.8639181033366722,≥0.90,×
6,RMSEA,0.1376754181628258,≤0.08,!
7,SRMR,0.05,≤0.08,√
