,Metric,Value,Threshold,Status
0,Chi-square,148.21849834994046,,
1,df,52.0,,
2,p-value,3.510780555160409e-11,>0.05,❌
3,Chi-square/df,2.850355737498855,2-5,✅
4,CFI,0.9251948654423044,≥0.90,✅
5,TLI,0.9050550215229248,≥0.90,✅
6,RMSEA,0.1013891221838707,≤0.08,⚠️
7,SRMR,0.05,≤0.08,✅
