Factor,n_items,Cronbach_α,CR,AVE
F1,12,0.9639808261718891,0.9659610826994224,0.7031134880473809
F2,2,0.27956788606061794,0.0,0.0
