Factor,Item,Std_Loading,Meets_Threshold
F1,PV2,0.8713250891150112,True
F1,HM2,0.8679189055143678,True
F1,TR2,0.8486692408576701,True
F1,PE2,0.8306595372782655,True
F1,VO1,0.821796849476306,True
F1,HB2,0.769240477459216,True
F1,SI1,0.7456481902291117,True
F1,EE2,0.6013183233072463,True
F1,FC1,0.5417203265173727,True
F1,EX2,0.458067783307222,False
F2,AX2,1.0,True
F2,ER1,0.3597962808771455,False
