,DoF,DoF Baseline,chi2,chi2 p-value,chi2 Baseline,CFI,GFI,AGFI,NFI,TLI,RMSEA,AIC,BIC,LogLik
Value,53,66,134.25252655664727,5.479704801025775e-09,973.8701901653438,0.9105020437538,0.8621453578593941,0.8283319550701889,0.8621453578593942,0.8885497148632225,0.09850356733258303,48.31128897413022,125.03389402963602,0.8443555129348885
