Factor,Item,Std_Loading,Meets_Threshold
F1,HM2,0.8889932156035228,True
F1,PV2,0.8826235244345989,True
F1,PV1,0.8662143873962933,True
F1,HM1,0.8407134999399092,True
F1,PE2,0.8351248635677166,True
F1,TR2,0.8341326154168249,True
F1,HB1,0.8225939288925915,True
F1,TR1,0.8225535020464119,True
F1,HB2,0.8116539572863518,True
F1,VO1,0.7849355210045567,True
F1,SI1,0.7729403587314105,True
F1,PE1,0.7709300947702525,True
F2,ER2,4.187610069752928e-09,False
F2,AX2,-3.1607079171449875e-09,False
