Factor,Item,Std_Loading,Meets_Threshold
F1,PV1,0.8919699168984135,True
F1,HM1,0.8831432814065505,True
F1,PV2,0.8745000794581845,True
F1,HM2,0.8673253512345148,True
F1,HB1,0.8402900257973885,True
F1,PE2,0.8273049047558418,True
F1,PE1,0.8248018714628289,True
F1,TR2,0.8222954892313802,True
F1,HB2,0.8198715776828349,True
F1,VO1,0.8095836456918525,True
F1,SI1,0.803190953614392,True
F1,TR1,0.7906239887952283,True
F2,AX1,0.0,False
F2,AX2,-0.0,False
