,Metric,Value,Threshold,Status
0,Chi-square,130.1577478960834,,
1,df,52.0,,
2,p-value,1.2196864407343355e-08,>0.05,❌
3,Chi-square/df,2.5030336133862194,2-5,✅
4,CFI,0.9263828982202363,≥0.90,✅
5,TLI,0.9065629092795309,≥0.90,✅
6,RMSEA,0.09632229891264105,≤0.08,⚠️
7,SRMR,0.05,≤0.08,✅
