,Metric,Value,Threshold,Status
0,Chi-square,269.50243248631176,,
1,df,76.0,,
2,p-value,0.0,>0.05,×
3,Chi-square/df,3.546084637977786,2-5,√
4,CFI,0.8902119032148936,≥0.90,×
5,TLI,0.8685431999020438,≥0.90,×
6,RMSEA,0.13583036730053574,≤0.08,!
