,DoF,DoF Baseline,chi2,chi2 p-value,chi2 Baseline,CFI,GFI,AGFI,NFI,TLI,RMSEA,AIC,BIC,LogLik
Value,272,378,590.089888127385,0.0,5343.8357308886525,0.9359443394092173,0.8895755936664512,0.8465425529629359,0.8895755936664512,0.9109814716789857,0.07341091086911479,262.58633130158364,716.1086697153215,2.7068343492081883
