,DoF,DoF Baseline,chi2,chi2 p-value,chi2 Baseline,CFI,GFI,AGFI,NFI,TLI,RMSEA,AIC,BIC,LogLik
Value,272,378,526.8821530888904,0.0,5092.327675293513,0.9459345699653723,0.8965341221765503,0.8562128609659412,0.8965341221765502,0.9248649538489365,0.06844949741588287,262.75739151155335,705.4002491914695,2.621304244223335
