,Metric,Value,Threshold,Status
0,Chi-square,361.61964072203483,,
1,df,74.0,,
2,p-value,0.0,>0.05,×
3,Chi-square/df,4.886751901649119,2-5,√
4,CFI,0.9001346258855252,≥0.90,√
5,TLI,0.8771925804808485,≥0.90,×
6,RMSEA,0.1272587898347484,≤0.08,!
7,SRMR,0.05,≤0.08,√
