Factor,N_Items,Alpha,CR,AVE,Sqrt_AVE
F1,10,0.9239932105632095,0.9249756575825191,0.561066831449375,0.7490439449387298
F2,2,0.5285397981011,0.6798981404385728,0.5647266818665129,0.7514829884079299
