Factor,Item,Std_Loading,Meets_Threshold
F1,PV2,0.8502205807918423,True
F1,HM2,0.8430388663342078,True
F1,HB1,0.8303934069910809,True
F1,TR2,0.8235071566433232,True
F1,VO1,0.8006927891140612,True
F1,SI1,0.7286298120020742,True
F1,PE1,0.6983086616840957,True
F1,EE1,0.6145553252425904,True
F1,EX1,0.6122737481366655,True
F1,FC1,0.5941668656822523,True
F2,AX2,1.0,True
F2,ER1,0.3763211188527129,False
