Factor,Item,Std_Loading,Meets_Threshold
F1,HM2,0.8820959696250266,True
F1,PV2,0.8679040591507706,True
F1,PE2,0.8287179818827344,True
F1,TR2,0.809288380863317,True
F1,VO1,0.790152590826516,True
F1,HB2,0.7873929435100986,True
F1,SI1,0.7278956683543804,True
F1,FC1,0.5874352237994871,True
F1,EX1,0.5465656794987145,True
F1,EE1,0.4991193229312651,False
F2,AX1,0.9993116198206334,True
F2,ER2,0.5301619713975046,True
