,Metric,Value,Threshold,Status
0,Chi-square,94.64899641735336,,
1,df,52.0,,
2,p-value,0.0002765226066838711,>0.05,❌
3,Chi-square/df,1.820173008026026,2-5,⚠️
4,CFI,0.9602679181903264,≥0.90,✅
5,TLI,0.9495708192415682,≥0.90,✅
6,RMSEA,0.07115332982959875,≤0.08,✅
7,SRMR,0.05,≤0.08,✅
