Factor,N_Items,Alpha,CR,AVE,Sqrt_AVE
F1,10,0.9244148745813874,0.9250233067234178,0.5566543800745593,0.7460927422744168
F2,2,0.545492335671603,0.6881605594263565,0.5708087922472789,0.7555188894046785
