Factor,n_items,Cronbach_α,CR,AVE
F1,10,0.9237622454632427,0.9232894146332852,0.5540167083393295
F2,2,0.6914907371492962,0.7645751162050914,0.6398477147123134
