Factor,n_items,Cronbach_α,CR,AVE
F1,12,0.9619259129718553,0.9632891969642664,0.6866334581925392
F2,2,0.19674978290534684,5.27264015515411e-19,1.3763076316899563e-17
