Predictor,R²_full,R²_reduced,f²,Effect_Size
PE,0.895,0.8972041837829811,-0.020992226504581334,Negligible
EE,0.895,0.8930874835896063,0.018214442003749474,Negligible
SI,0.895,0.8967072428316367,-0.01625945553939716,Negligible
FC,0.895,0.894177302520065,0.007835214094619234,Negligible
HM,0.895,0.9041729787088808,-0.08736170198934083,Negligible
PV,0.895,0.8964806764469151,-0.014101680446810236,Negligible
HB,0.895,0.8959233224699241,-0.008793547332610514,Negligible
