Predictor,R²_full,R²_reduced,f²,Effect_Size
PE,0.895,0.908437870155415,-0.12797971576585696,Negligible
EE,0.895,0.9073478881131551,-0.11759893441100122,Negligible
SI,0.895,0.9099891126529497,-0.1427534538376159,Negligible
FC,0.895,0.9085553783587079,-0.12909884151150386,Negligible
HM,0.895,0.9356696829724557,-0.38733031402338725,Negligible
PV,0.895,0.9117476470204767,-0.1595014001950163,Negligible
HB,0.895,0.9092952614188999,-0.1361453468466659,Negligible
