Predictor,R²_full,R²_reduced,f²,Effect_Size
PE,0.895,0.8972041837829461,-0.020992226504248267,Negligible
EE,0.895,0.8930874835896937,0.018214442002917334,Negligible
SI,0.895,0.8967072428323211,-0.016259455545914698,Negligible
FC,0.895,0.8941773025199576,0.007835214095641698,Negligible
HM,0.895,0.9041729786868388,-0.08736170177941668,Negligible
PV,0.895,0.8964806764469063,-0.014101680446726706,Negligible
HB,0.895,0.8959233224698817,-0.008793547332206605,Negligible
