Construct,Items,B,SE,β,t,p,Sig
PE,"PE1, PE2",0.13171684154723712,0.03979196405628027,0.1268618293268801,3.310136724111977,0.001003615821866033,**
EE,"EE1, EE2",0.0016645266377613432,0.035085139743393556,0.0014206949074394466,0.04744249702111474,0.9621805415444891,
SI,"SI1, SI2",0.1590216158445739,0.03378415841127828,0.14804583173991248,4.70698763333667,3.3050551033753095e-06,***
FC,"FC1, FC2",0.09881149280656006,0.0340771936364353,0.08892120575441156,2.8996370376259772,0.003909407603843729,**
HM,"HM1, HM2",0.3167539840144269,0.03770196219579823,0.3221539952660897,8.401525161195142,4.440892098500626e-16,***
PV,"PV1, PV2",0.32480402073382786,0.040694288326771196,0.322286191075837,7.981562870093292,1.1102230246251565e-14,***
