Construct,Items,B,SE,β,t,p,Sig
PE,"PE1, PE2",0.13970017971911936,0.040455533479125325,0.13433952199880092,3.453178532207549,0.0006046896968190385,***
EE,"EE1, EE2",-0.004220225989716608,0.03569988509027785,-0.0036072253108895983,-0.11821399365976959,0.9059491493796439,
SI,"SI1, SI2",0.1629264065132297,0.034437676259874886,0.15081009253560565,4.7310511105263995,2.9675453925293027e-06,***
FC,"FC1, FC2",0.10013913120111573,0.03465223043763898,0.08980087293121161,2.889832196554522,0.004034674622676926,**
HM,"HM1, HM2",0.3157703666403942,0.038575481929408566,0.3192677587786722,8.18577891569158,2.6645352591003757e-15,***
PV,"PV1, PV2",0.3197103099469595,0.041787219404413704,0.3164847676466301,7.65091131938754,1.1590728377086634e-13,***
