Hypothesis,Pathway,path_a_coef,path_a_se,path_a_p,path_b_coef,path_b_se,path_b_p,path_c_coef,path_c_se,path_c_p,path_c_prime_coef,path_c_prime_se,path_c_prime_p,indirect_effect,indirect_ci_lower,indirect_ci_upper,indirect_significant,proportion_mediated
H5a,EX → TR → BI,0.4548127975100694,0.04854327949914643,0.0,0.6310384917175766,0.03515993429818232,0.0,0.5185857973269862,0.044543925604568144,0.0,0.23158141557238063,0.03611691492010735,4.52677451079353e-10,0.2870043817546058,0.21357622821767672,0.36086204615089784,True,0.5534366410224684
H5b,ER → TR → BI,-0.31416936684473307,0.058859821999688734,1.6707777494850973e-07,0.7012612784069593,0.03408939977719866,0.0,-0.3471042414688971,0.056116494884639274,1.6831223081936741e-09,-0.1267894296390549,0.03954832763311372,0.0014670244180157166,-0.22031481182984247,-0.31149012594919545,-0.11956184936100712,True,0.6347223269226002
H5c,ER → AX → BI,0.6217269463175427,0.04768498662108505,0.0,-0.5362308877144393,0.05528740533928846,0.0,-0.3471042414688971,0.056116494884639274,1.6831223081936741e-09,-0.013715049129053615,0.06069371829570222,0.8213521995998554,-0.33338919233984343,-0.41400027861975136,-0.2547512031520556,True,0.9604872326796887
