Metric,Model 1 (UTAUT2),Model 2 (AIRS)
Chi-square,171.7514062836316,529.1458779581706
df,107.0,272.0
CFI,0.9809084941189224,0.9454543901761855
TLI,0.9727009308429452,0.9241976451713165
RMSEA,0.05500696909272344,0.06875279111422156
AIC,126.29103078324745,262.73486688598837
BIC,337.7025448990283,705.3777245659045
