Metric,Model 1 (UTAUT2),Model 2 (AIRS)
Chi-square,171.75140628363127,529.1438294209963
df,107.0,272.0
CFI,0.9809084941189226,0.9454548247105062
TLI,0.9727009308429453,0.9241982490462182
RMSEA,0.0550069690927233,0.06875251725618803
AIC,126.29103078324745,262.7348872694428
BIC,337.7025448990283,705.3777449493589
