usage_level,predictor,n,r_squared,beta,se,t_value,p_value,ci_lower,ci_upper,significant
High,HB,213,0.7282789151806307,0.04673452918723551,0.03663340453289161,1.2757353509219849,0.2035287709442244,-0.025993426507142783,0.11999824887320364,False
High,AX,213,0.7282789151806307,-0.07796607792175263,0.03579343732331816,-2.178222706511634,0.030559056520673034,-0.1502245297827211,0.0010258328098108741,True
High,TR,213,0.7282789151806307,0.00024350429680605946,0.04953028763524363,0.004916270597887508,0.9960822996405851,,,False
High,EX,213,0.7282789151806307,0.1013910806808069,0.03838492799859121,2.6414294872333257,0.008908239440514443,,,True
Low,HB,149,0.801685315172093,0.09626976676417474,0.04927951686616583,1.9535452635549544,0.0528076861002893,-0.010243724034320093,0.20569523915806537,False
Low,AX,149,0.801685315172093,-0.23006259561781647,0.06274986277707716,-3.6663442027774362,0.0003518699815665549,-0.36358915855837554,-0.09116994676728978,True
Low,TR,149,0.801685315172093,0.14419791231626686,0.057877827124745644,2.4914188987342802,0.013926044273029792,,,True
Low,EX,149,0.801685315172093,-0.007138243107735334,0.04158456250043515,-0.17165608289520032,0.8639630680871839,,,False
