Construct,Alpha,n_items,Status
PE,0.831318994390116,2,✓
EE,0.7869408522365908,2,✓
SI,0.789657220593589,2,✓
FC,0.8076749582629965,2,✓
HM,0.8865508978104584,2,✓
PV,0.8732119664324165,2,✓
HB,0.8862348864296092,2,✓
VO,0.3957248353150373,2,✗
TR,0.9141023977732439,2,✓
EX,0.4778184543541548,2,✗
ER,0.4942847745933565,2,✗
AX,0.3338598136133957,2,✗
BI,0.9337612246620012,4,✓
