Construct,Correlation,p-value,Significance,Effect Size
PE,0.8064031633080694,3.5285082039032816e-51,***,Large
EE,0.5749382877341597,1.4057902792292515e-20,***,Large
SI,0.7328142565320548,5.604892528934428e-38,***,Large
FC,0.6485018698556904,2.1132073614559335e-27,***,Large
HM,0.8385908098022234,6.76806979700681e-59,***,Large
PV,0.8074095637882588,2.13166475728482e-51,***,Large
HB,0.7492844594770559,1.5795155096848698e-40,***,Large
