Usage Level,Correlation,p-value,n
1,0.7378617016392097,9.557227124586455e-14,73
4,0.6103005040409752,5.245505960679531e-06,47
3,0.611308175191349,8.172150034587605e-06,45
