Scale,Items,Time (sec),Alpha,r with BI,R² with BI,Time Reduction (%),Item Reduction (%),R² Retention (%),R² Loss (pp),Efficiency Ratio
Full 24-Item,24,240,0.9309246075572849,0.8611945102742626,0.741655984526527,0.0,0.0,100.0,0.0,
7-Item Balanced,7,70,0.9394970816103351,0.9044652561707858,0.8180573996200852,70.83333333333333,70.83333333333333,110.30146276542658,-7.640141509355813,-9.271206985707483
5-Item Ultra-Short,5,50,0.9361378173236096,0.8953574263091587,0.8016649208469606,79.16666666666666,79.16666666666666,108.09120907434506,-6.000893632043358,-13.192479574031326
