Metric,"Model 1
(UTAUT2)","Model 2
(Full AIRS)","Model 3
(Reduced AIRS)"
Chi-square,171.7514062836316,529.1458779581706,362.4326398438823
df,107.0,272.0,197.0
CFI,0.9809084941189224,0.9454543901761855,0.9573644327219962
TLI,0.9727009308429452,0.9241976451713165,0.9402669209709186
RMSEA,0.05500696909272344,0.06875279111422156,0.06479813242355655
AIC,126.29103078324745,262.73486688598837,202.39370507618028
BIC,337.7025448990283,705.3777245659045,542.634110606265
