Metric,"Model 1
(UTAUT2)","Model 2
(Full AIRS)","Model 3
(Reduced AIRS)"
Chi-square,212.55222620826999,595.1419419728991,420.3664518957544
df,107.0,272.0,197.0
CFI,0.9703919657533209,0.9349269771525303,0.9454720132637647
TLI,0.9576632781332531,0.9095676373663839,0.9236054602071019
RMSEA,0.06742360086102873,0.07399158768626715,0.07228463506859069
AIC,126.04997957607091,262.5399821837349,202.14342704682795
BIC,342.6576635945726,716.0623205974728,550.7464185141041
