Construct,VIF,Status
PE,51.68390960411225,⚠️ SEVERE
EE,39.75010710956571,⚠️ SEVERE
SI,32.75074993352424,⚠️ SEVERE
FC,30.168618622635154,⚠️ SEVERE
HM,52.59829491919445,⚠️ SEVERE
PV,57.359824502771254,⚠️ SEVERE
HB,27.423334267889317,⚠️ SEVERE
VO,34.429360286512726,⚠️ SEVERE
TR,35.18956159005194,⚠️ SEVERE
EX,44.79489484239874,⚠️ SEVERE
ER,25.28249816912723,⚠️ SEVERE
AX,25.666153452247112,⚠️ SEVERE
BI,48.31031541872109,⚠️ SEVERE
