{
  "population": "leader",
  "n_dev": 91,
  "method": "minres",
  "rotation": "promax",
  "kmo": 0.908540803593966,
  "bartlett_chi2": 1040.7738317678363,
  "bartlett_p": 1.4866455989989002e-146,
  "pa_recommended": 2,
  "kaiser_recommended": 2,
  "solutions_tested": [
    2,
    3,
    4,
    5,
    6
  ],
  "solutions": {
    "2F": {
      "n_factors": 2,
      "variance_explained": 60.17013833136487,
      "good_loadings": 16,
      "good_communalities": 15,
      "items_per_factor": {
        "F1": [
          "PE1",
          "EE1",
          "SI1",
          "SI2",
          "FC1",
          "FC2",
          "HM1",
          "PV2",
          "HB1",
          "VO1",
          "TR1",
          "EX2"
        ],
        "F2": [
          "ER1",
          "ER2",
          "AX1",
          "AX2"
        ]
      },
      "loadings": {
        "PE1": {
          "F1": 0.7467898154764333,
          "F2": 0.048906865280892275
        },
        "EE1": {
          "F1": 0.6506328274238502,
          "F2": 0.1653050002751946
        },
        "SI1": {
          "F1": 0.8299456035789579,
          "F2": -0.032317262277975385
        },
        "SI2": {
          "F1": 0.8266982979333226,
          "F2": 0.010532884729061475
        },
        "FC1": {
          "F1": 0.6935427366417464,
          "F2": 0.06264302348129976
        },
        "FC2": {
          "F1": 0.7598384863012668,
          "F2": -0.07510146707016427
        },
        "HM1": {
          "F1": 0.8825015357230406,
          "F2": -0.05555640125957115
        },
        "PV2": {
          "F1": 0.8552230141666844,
          "F2": -0.08103926775359878
        },
        "HB1": {
          "F1": 0.8395825115925213,
          "F2": -0.03747232837903001
        },
        "VO1": {
          "F1": 0.8315933813484198,
          "F2": -0.13237617437946045
        },
        "TR1": {
          "F1": 0.8171078387623478,
          "F2": -0.02320215494098493
        },
        "EX2": {
          "F1": 0.5808405167218869,
          "F2": 0.02627972478799206
        },
        "ER1": {
          "F1": 0.20356131559736576,
          "F2": 0.7555497474895359
        },
        "ER2": {
          "F1": -0.29410167966015877,
          "F2": 0.63716297086385
        },
        "AX1": {
          "F1": -0.293767753637715,
          "F2": 0.7973035637875532
        },
        "AX2": {
          "F1": 0.34055693766420575,
          "F2": 0.5393710851173572
        }
      },
      "reliability": {
        "F1": 0.9480956916511494,
        "F2": 0.7560230660215999
      }
    },
    "3F": {
      "n_factors": 3,
      "variance_explained": 61.090404327888336,
      "good_loadings": 14,
      "good_communalities": 13,
      "items_per_factor": {
        "F1": [
          "PE1",
          "SI1",
          "SI2",
          "FC2",
          "HM1",
          "PV2",
          "HB1",
          "VO1",
          "TR1",
          "EX2"
        ],
        "F3": [
          "EE1",
          "FC1"
        ],
        "F2": [
          "ER1",
          "ER2",
          "AX1",
          "AX2"
        ]
      },
      "loadings": {
        "PE1": {
          "F1": 0.5814935999637412,
          "F2": 0.03747167416179702,
          "F3": 0.24546493286114826
        },
        "EE1": {
          "F1": 0.10609168522841109,
          "F2": 0.06860192943462266,
          "F3": 0.8338888699848684
        },
        "SI1": {
          "F1": 0.8990462191248223,
          "F2": 0.023583802056197,
          "F3": -0.085422633196095
        },
        "SI2": {
          "F1": 0.9122686650124915,
          "F2": 0.07292045307300353,
          "F3": -0.10706476197899979
        },
        "FC1": {
          "F1": 0.3592483821852508,
          "F2": 0.0017543053213623535,
          "F3": 0.49930065033546556
        },
        "FC2": {
          "F1": 0.7260751075956077,
          "F2": -0.05082362370156456,
          "F3": 0.05562169370867947
        },
        "HM1": {
          "F1": 0.8472101027470672,
          "F2": -0.026536246057263776,
          "F3": 0.05914099498944454
        },
        "PV2": {
          "F1": 0.8962673572289815,
          "F2": -0.031912677289844614,
          "F3": -0.047013099985672394
        },
        "HB1": {
          "F1": 0.760337584288933,
          "F2": -0.020864536536904905,
          "F3": 0.12139323131990158
        },
        "VO1": {
          "F1": 0.7950018243839341,
          "F2": -0.10631364867445345,
          "F3": 0.060050815155708794
        },
        "TR1": {
          "F1": 0.7834607844215948,
          "F2": 0.0039158682227030134,
          "F3": 0.0563516724544565
        },
        "EX2": {
          "F1": 0.4349438695243494,
          "F2": 0.010680104851769678,
          "F3": 0.2153040347470987
        },
        "ER1": {
          "F1": 0.1747693213778458,
          "F2": 0.7605789454427319,
          "F3": 0.0452501363677093
        },
        "ER2": {
          "F1": -0.3430397654980368,
          "F2": 0.6074459940351284,
          "F3": 0.06797061416434641
        },
        "AX1": {
          "F1": -0.37516896668679495,
          "F2": 0.7578442340253289,
          "F3": 0.11510674136194457
        },
        "AX2": {
          "F1": 0.47186327837478387,
          "F2": 0.617580791170753,
          "F3": -0.1756533102280921
        }
      },
      "reliability": {
        "F1": 0.9461397257315626,
        "F3": 0.7982640144665463,
        "F2": 0.7560230660215999
      }
    },
    "4F": {
      "n_factors": 4,
      "variance_explained": 56.311772509930854,
      "good_loadings": 14,
      "good_communalities": 11,
      "items_per_factor": {
        "F1": [
          "PE1",
          "SI1",
          "SI2",
          "FC2",
          "HM1",
          "PV2",
          "VO1",
          "TR1",
          "EX2"
        ],
        "F3": [
          "EE1",
          "FC1"
        ],
        "F4": [
          "HB1"
        ],
        "F2": [
          "ER1",
          "ER2",
          "AX1",
          "AX2"
        ]
      },
      "loadings": {
        "PE1": {
          "F1": 0.569811740030411,
          "F2": 0.0441148133627157,
          "F3": 0.2130857367083005,
          "F4": 0.042342156856178204
        },
        "EE1": {
          "F1": 0.15031742231594025,
          "F2": 0.08377880147445378,
          "F3": 0.761732222737274,
          "F4": -0.07432159768189434
        },
        "SI1": {
          "F1": 0.5419188745940425,
          "F2": 0.015372440720561173,
          "F3": -0.0240730831660665,
          "F4": 0.4259416579592591
        },
        "SI2": {
          "F1": 0.54961799705829,
          "F2": 0.06615728871832473,
          "F3": -0.052082560470294734,
          "F4": 0.4400614439484728
        },
        "FC1": {
          "F1": -0.004645262833889577,
          "F2": -0.014481777251684796,
          "F3": 0.7190054543888045,
          "F4": 0.21800668858985653
        },
        "FC2": {
          "F1": 0.44087682744596846,
          "F2": -0.05695627025600672,
          "F3": 0.1197033501152886,
          "F4": 0.31654670571875415
        },
        "HM1": {
          "F1": 0.9045905899127593,
          "F2": -0.018918091541960332,
          "F3": -0.024082091793128434,
          "F4": 0.041769761679149094
        },
        "PV2": {
          "F1": 0.9494478382862535,
          "F2": -0.022574753287333885,
          "F3": -0.15298560274700135,
          "F4": 0.0822786693520373
        },
        "HB1": {
          "F1": 0.27947169331324373,
          "F2": -0.03232840457943927,
          "F3": 0.25987681236434257,
          "F4": 0.49135390069501617
        },
        "VO1": {
          "F1": 0.9310293627902967,
          "F2": -0.10025474356629041,
          "F3": -0.0411071357641196,
          "F4": -0.034152596901097725
        },
        "TR1": {
          "F1": 0.5152152203434552,
          "F2": -0.001081491617565289,
          "F3": 0.10897949052759483,
          "F4": 0.3056551803901045
        },