{
  "analysis_date": "2025-12-08T06:58:27.461703",
  "full_sample_n": 523,
  "full_sample_fit": {
    "chi2": 368.71646797106274,
    "df": 134.0,
    "cfi": 0.975263195310235,
    "tli": 0.9649254261861541,
    "rmsea": 0.057927412508772036,
    "aic": 150.58999438634393,
    "bic": 474.31818565527806
  },
  "hypothesis_results": {
    "H1_supported_paths": 3,
    "H1_total_paths": 7,
    "H2_trust_significant": false,
    "H2_trust_beta": 0.10626458137689142,
    "H2_trust_p": 0.06362767042444095,
    "H3_incremental_validity": false,
    "H3_delta_aic": 2.0119431000575787,
    "H4_moderation_effects": 1
  },
  "academic_sample": {
    "n": 216,
    "cfi": 0.9589036480692799,
    "rmsea": 0.06652329803240288
  },
  "professional_sample": {
    "n": 307,
    "cfi": 0.9857987810531224,
    "rmsea": 0.04842873984944873
  }
}