Theme,Chi2,p_value,Significant,Enthusiasts_%,Cautious_%,Moderate_%,Anxious_%
Positive Experience,10.048729137696876,0.01815642920082939,Yes,56.81818181818182,40.67796610169492,35.714285714285715,0
Concerns/Caution,4.865878758545858,0.1818857553915832,No,2.272727272727273,15.254237288135593,10.714285714285714,0
Accuracy/Reliability,5.122432965653306,0.1630484133008168,No,13.636363636363635,16.94915254237288,17.857142857142858,0
Learning/Education,4.636855846601609,0.2004031066753769,No,15.909090909090908,30.508474576271187,25.0,0
Work/Productivity,0.755790942564067,0.8600093384790872,No,29.545454545454547,32.20338983050847,39.285714285714285,0
Ethics/Privacy,3.8147094430992743,0.2821798056143609,No,4.545454545454546,13.559322033898304,10.714285714285714,0
