Theme,Chi2,p_value,Significant,Enthusiasts_%,Cautious_%,Moderate_%,Anxious_%
Positive Experience,9.545411801892818,0.022853130294219197,Yes,57.14285714285714,39.62264150943396,39.285714285714285,0
Concerns/Caution,2.683863769316936,0.4429764463543545,No,4.081632653061225,11.320754716981133,14.285714285714285,0
Accuracy/Reliability,7.720422984960662,0.05215729123401923,No,10.204081632653061,18.867924528301888,21.428571428571427,0
Learning/Education,4.074287607970865,0.2535533377392869,No,16.3265306122449,30.18867924528302,25.0,0
Work/Productivity,1.3263600337218926,0.7228833459842491,No,26.53061224489796,35.84905660377358,35.714285714285715,0
Ethics/Privacy,4.92277973984405,0.17753970887562337,No,4.081632653061225,15.09433962264151,10.714285714285714,0
