Model,Paths,χ²,df,CFI,TLI,RMSEA,AIC,BIC,χ²/df
UTAUT Core (4 predictors),4,282.73936923353017,88,0.9747689158265168,0.9610065062773441,0.06511038928189677,128.91877870273984,405.7915738669599,3.212947377653752
Hedonic-Value (4 predictors),4,254.3232643032211,88,0.9784506014466411,0.9666963840538998,0.06017275726734451,129.0274444959724,405.90023966019237,2.8900370943547853
Parsimonious (4 sig predictors),4,242.77580259750403,88,0.979946729216972,0.9690085815171385,0.0580463538280884,129.07160304934033,405.94439821356036,2.7588159386080005
UTAUT2-Only (7 predictors),7,244.62868307632382,85,0.9793179737869484,0.9669087580591175,0.059980592435618214,135.06451746433527,424.71605702075004,2.8779845067802805
Full AIRS (8 predictors),8,241.58267323925892,84,0.9795830616663123,0.9669440046026008,0.05994864029833619,137.07616568550952,430.9872867059892,2.875984205229273
