Model,Paths,χ²,df,CFI,TLI,RMSEA,AIC,BIC,χ²/df
UTAUT Core (4 predictors),4,282.73936923353017,88,0.9747689158265168,0.9610065062773441,0.06511038928189677,128.91877870273984,405.7915738669599,3.212947377653752
Hedonic-Value (4 predictors),4,254.32326430322018,88,0.9784506014466412,0.9666963840539,0.060172757267344334,129.0274444959724,405.90023966019237,2.8900370943547746
Parsimonious (4 sig predictors),4,242.77580259750215,88,0.9799467292169722,0.969008581517139,0.05804635382808805,129.07160304934033,405.94439821356036,2.758815938607979
UTAUT2-Only (7 predictors),7,244.62868307631547,85,0.9793179737869495,0.9669087580591192,0.05998059243561663,135.06451746433532,424.7160570207501,2.877984506780182
Full AIRS (8 predictors),8,241.58267323925986,84,0.979583061666312,0.9669440046026004,0.05994864029833636,137.07616568550952,430.9872867059892,2.875984205229284
