Factor,N_Items,Items,Alpha,Alpha_Status,CR,CR_Status,AVE,AVE_Status
PerfExp,2,"PE1, PE2",0.8029567113666294,✓ Good,0.8044763553672948,✓ Good,0.6730640379371884,✓ Good
EffortExp,2,"EE1, EE2",0.858774861248105,✓ Good,0.8606213627719015,✓ Good,0.7556866714158316,✓ Good
SocialInf,2,"SI1, SI2",0.7517293889672745,✓ Good,0.763328186337546,✓ Good,0.6206087856540579,✓ Good
FacilCond,2,"FC1, FC2",0.7430775976860298,✓ Good,0.7499336650010092,✓ Good,0.6011586626414117,✓ Good
HedonicMot,2,"HM1, HM2",0.8636032443291701,✓ Good,0.8651041248613651,✓ Good,0.7625509679061948,✓ Good
PriceValue,2,"PV1, PV2",0.8826641165006224,✓ Good,0.8827370241309336,✓ Good,0.7900889199458001,✓ Good
Habit,2,"HB1, HB2",0.9087274409995378,✓ Good,0.9088721462111432,✓ Good,0.8329755103827157,✓ Good
AITrust,2,"TR1, TR2",0.8906149320224743,✓ Good,0.8910530341467787,✓ Good,0.803598799274763,✓ Good
