Factor,N_Items,Items,Alpha,Alpha_Status,CR,CR_Status,AVE,AVE_Status
PositiveAI,5,"PE2, HM1, PV1, PV2, TR2",0.9170464450983719,✓ Good,0.917396625590227,✓ Good,0.6898397161690262,✓ Good
Enablers,2,"EE1, EE2",0.8380942234169415,✓ Good,0.8394465806298437,✓ Good,0.7235931250657764,✓ Good
