,Enablers,PositiveAI
Enablers,1.0,0.5568416253626802
PositiveAI,0.5568416253626802,1.0
