Factor,N_Items,Items,Alpha,Alpha_Status,CR,CR_Status,AVE,AVE_Status
PerfExp,2,"PE1, PE2",0.8662560492740867,✓ Good,0.8679605191568716,✓ Good,0.7668088250479106,✓ Good
EffortExp,2,"EE1, EE2",0.8658735345295945,✓ Good,0.8672707778616113,✓ Good,0.7657195224101409,✓ Good
SocialInf,2,"SI1, SI2",0.7823126091025554,✓ Good,0.7931725119259122,✓ Good,0.659997543407788,✓ Good
FacilCond,2,"FC1, FC2",0.7882655733289454,✓ Good,0.7952805100263027,✓ Good,0.6616119964275953,✓ Good
HedonicMot,2,"HM1, HM2",0.8921670359256257,✓ Good,0.8925173434431086,✓ Good,0.8059581571154928,✓ Good
PriceValue,2,"PV1, PV2",0.8675497869457469,✓ Good,0.8676074880685369,✓ Good,0.7661769163786387,✓ Good
Habit,2,"HB1, HB2",0.9030023407162868,✓ Good,0.9031528678553619,✓ Good,0.8234259558886488,✓ Good
AITrust,2,"TR1, TR2",0.9086827547502596,✓ Good,0.9087935702964974,✓ Good,0.8328359824794791,✓ Good
