Factor,Alpha_Academic,Alpha_Professional,Difference
PerfExp,0.7893575412250409,0.8862719422423555,0.09691440101731463
EffortExp,0.7995491359494427,0.8717872102019588,0.07223807425251616
SocialInf,0.631890701949481,0.8504944897070139,0.21860378775753286
FacilCond,0.7211637751435698,0.816829454481395,0.09566567933782522
HedonicMot,0.8499387191258643,0.917491859257932,0.0675531401320677
PriceValue,0.8397212543554007,0.896325215904308,0.056603961548907344
Habit,0.8826633029513884,0.9132938817969514,0.030630578845562972
AITrust,0.8653047138582259,0.9284224998866859,0.06311778602845997
