Factor,Alpha_Academic,Alpha_Professional,Difference
PerfExp,0.7760943556774134,0.8876350989379149,0.11154074326050156
EffortExp,0.7823351766874538,0.8631984585741814,0.08086328188672764
SocialInf,0.6058231554232285,0.8475739098792068,0.24175075445597827
FacilCond,0.7125664132444893,0.810651744384294,0.09808533113980467
HedonicMot,0.8479127397019286,0.9069864710519104,0.05907373134998184
PriceValue,0.8427570317749835,0.8876193142547184,0.044862282479734894
Habit,0.8880949590394176,0.9126838827791595,0.024588923739741864
AITrust,0.8577578475336323,0.9328372948185282,0.0750794472848959
