Predictor,a (X→Trust),b (Trust→BI),c_prime (Direct),ab (Indirect),a sig,b sig,c_prime sig
PerfExp,1.085235118835505,0.1058445074122915,1.0260176641742105,0.11486617657966365,*,,*
EffortExp,1.485807376980887,0.14281130268392447,1.3450238144629563,0.21219008704402534,*,*,*
SocialInf,1.0705525388614796,-0.0019546860823057757,1.1268450132579633,-0.002092594148089647,*,,*
FacilCond,1.3783161034041795,0.08625345729083317,1.3256019967477073,0.11888452915824,*,,*
HedonicMot,0.9532336372376417,-0.0029802597446201705,1.0010335956055425,-0.00284088383627721,*,,*
PriceValue,0.952081559690793,0.031190027566343047,0.9753343556124571,0.029695450092162717,*,,*
Habit,0.9292544501124238,0.02635505112341881,0.9424963463258738,0.024490548539377363,*,,*
