Predictor,a (X→Trust),b (Trust→BI),c_prime (Direct),ab (Indirect),a sig,b sig,c_prime sig
PerfExp,1.0852351188581424,0.10584450739713182,1.0260176642022407,0.11486617656560788,*,,*
EffortExp,1.4858073770090088,0.14281130266518505,1.3450238145165534,0.21219008702019826,*,*,*
SocialInf,1.0705525389006834,-0.0019546860806583083,1.1268450132953012,-0.002092594146402578,*,,*
FacilCond,1.378316103412269,0.0862534572867654,1.325601996762029,0.11888452915333106,*,,*
HedonicMot,0.9532336369036007,-0.0029802601102043398,1.0010335958353442,-0.002840884183768809,*,,*
PriceValue,0.9520815596971426,0.031190027566917487,0.9753343556104996,0.029695450092907676,*,,*
Habit,0.9292544501115354,0.02635505112247779,0.9424963463261636,0.0244905485384795,*,,*
