Predictor,a (X→Trust),b (Trust→BI),c_prime (Direct),ab (Indirect),a sig,b sig,c_prime sig
PerfExp,1.0963569202809444,0.10514140077069042,1.05013764936153,0.11527250234297867,*,,*
EffortExp,1.5034848846868827,0.15408125980475607,1.3644083435773229,0.2316588451299633,*,*,*
SocialInf,1.0571290675343912,-0.009466831903152657,1.1324023939756518,-0.010007663182284594,*,,*
FacilCond,1.3830543878058912,0.09457477598247249,1.3360347621796542,0.13080205889831778,*,,*
HedonicMot,0.9518631385537931,0.007355958539627135,1.0037738865027974,0.007001865782601061,*,,*
PriceValue,0.9464036538261528,0.030226309417493297,0.98296599542581,0.028606289674395508,*,,*
Habit,0.9203230009228214,0.04265123197902443,0.929712380156628,0.03925290980799117,*,,*
