Predictor,Beta_Unstd,SE,Beta_Std,z,p,Sig,Hypothesis,Support
PerfExp,0.010979787214233674,0.11543038118456113,0.00951277506100952,0.09512042758204307,0.9242191727778166,,H1,✗ Not supported
EffortExp,-0.011265699241958636,0.0630683577837931,-0.00922551433152072,-0.17862680491188596,0.8582307457123115,,H1,✗ Not supported
SocialInf,0.1494428324323569,0.06598279745297779,0.14540582651840497,2.264875667614068,0.023520310336887063,*,H1,✓ Supported
FacilCond,0.07066407295036531,0.07967152017219113,0.05722685419717798,0.8869426966831013,0.3751097526834801,,H1,✗ Not supported
HedonicMot,0.20817929236124919,0.10580200992273298,0.20303535298184788,1.9676307899375651,0.04911053437976198,*,H1,✓ Supported
PriceValue,0.5119300904825002,0.1319123093157099,0.49864898691067344,3.8808363915249307,0.0001040978537145687,***,H1,✓ Supported
Habit,-0.008926703831707692,0.04351982898109041,-0.010095149153140916,-0.2051180815895759,0.8374798697130676,,H1,✗ Not supported
AITrust,0.10932249787685869,0.05529350074974418,0.11217100834659995,1.9771310623222653,0.04802681745654813,*,H2,✓ Supported
