Predictor,Beta_Unstd,SE,Beta_Std,z,p,Sig,Hypothesis,Support
PerfExp,-0.03170499965769292,0.119604651928525,-0.02794173835674476,-0.2650816598391142,0.7909465554315813,,H1,✗ Not supported
EffortExp,-0.009360116326732401,0.05928959937172293,-0.007742571436889857,-0.15787113466643754,0.8745583439904876,,H1,✗ Not supported
SocialInf,0.13867660286194475,0.061484553340975634,0.13557641399834203,2.2554706072740616,0.024103805195885286,*,H1,✓ Supported
FacilCond,0.07197672371223215,0.07515231583318435,0.058680295855179636,0.9577445872991983,0.3381915674258791,,H1,✗ Not supported
HedonicMot,0.21959901432888262,0.08915016549991932,0.21666972320327063,2.4632485323774453,0.013768443972421052,*,H1,✓ Supported
PriceValue,0.5175355829550161,0.1330727897967564,0.5046687874618332,3.889116503422331,0.00010060981477821862,***,H1,✓ Supported
Habit,0.02048483197121166,0.04266970144270412,0.02316672525550485,0.4800791024684861,0.6311711470990529,,H1,✗ Not supported
AITrust,0.10319794366877343,0.055638917789225924,0.10626458137923706,1.854779851393101,0.0636276704184926,,H2,✗ Not supported
