Predictor,β_Academic,p_Acad,Sig_Acad,β_Professional,p_Prof,Sig_Prof,Δβ,z_diff,p_diff,Moderation
PerfExp,-0.22243396823386816,0.36596036583242175,,0.06556122342461818,0.6401608897184545,,0.2879951916584863,1.0177371001955826,0.3088029110481023,
EffortExp,0.09861715343521238,0.1791343144669697,,-0.04094098850303204,0.6530638974329528,,-0.13955814193824442,-1.1717456550064989,0.2412991872511958,
SocialInf,0.02717159064704898,0.7488321124570287,,0.2306651034600159,0.1443909899085163,,0.2034935128129669,1.1496425372528238,0.2502911306256568,
FacilCond,-0.030033700923948307,0.696839624445404,,0.14534797023415444,0.2230132673750178,,0.17538167115810274,1.1840842801466303,0.23637970216757886,
HedonicMot,0.4583634516982042,0.017216982243589918,*,-0.25050166514204103,0.5739821595794796,,-0.7088651168402452,-1.483410040039181,0.1379655015276493,
PriceValue,0.617743840524531,0.0038634829861754483,**,0.8313855749954141,0.1075456529798049,,0.21364173447088308,0.47915160221067665,0.6318307818334574,
Habit,0.07149260865760589,0.4152486928183463,,-0.09119954241030624,0.45440282634376006,,-0.16269215106791213,-1.074600057954818,0.2825538259012743,
AITrust,0.014321824201561001,0.9181389583603359,,0.11509891080960431,0.1646554746686517,,0.10077708660804331,0.5599878348710163,0.5754877354583341,
