Predictor,β_Academic,p_Acad,Sig_Acad,β_Professional,p_Prof,Sig_Prof,Δβ,z_diff,p_diff,Moderation
PerfExp,-0.18447894869055279,0.3702040780156757,,0.0835668171971468,0.5656203975643319,,0.26804576588769957,1.0644458436552378,0.28712677546543297,
EffortExp,0.0734408684996389,0.2708867865594178,,-0.05499585065072614,0.5068187781214488,,-0.12843671915036503,-1.192329456184779,0.23313208892443216,
SocialInf,0.006572744861864264,0.9326713788871934,,0.23898352218452465,0.08021554267872255,,0.23241077732266038,1.5108869949371502,0.13081724484690516,
FacilCond,-0.01565882114547991,0.8332496717271785,,0.14070770844918523,0.19485767041654367,,0.15636652959466513,1.122864315836649,0.2614951248501347,
HedonicMot,0.4489634409162294,0.0011335664863640904,**,-0.3006061375651586,0.38363708415064446,,-0.749569578481388,-2.0414209151672926,0.04120900729622656,✓
PriceValue,0.6377048395847557,0.004568409940683971,**,0.8078097505233498,0.04123066074952564,*,0.17010491093859414,0.4719130433539422,0.6369888576000295,
Habit,0.07523740814929906,0.33635828591372197,,-0.06433653551715546,0.5118051853829293,,-0.13957394366645454,-1.0962893726826655,0.27295215865217104,
AITrust,-0.010871451015061786,0.9298887184784561,,0.15320369182461796,0.04730675732083012,*,0.16407514283967975,1.063190912330926,0.2876953827518087,
