Metric,UTAUT2-Only,UTAUT2+Trust,Difference,Interpretation
χ²,247.00610698580041,243.51273120876866,-3.4933757770317584,→ Better
df,85.0,84.0,-1.0,
χ²/df,2.905954199832946,2.8989610858186743,-0.0069931140142718284,
CFI,0.9786432788037163,0.9789719721616296,0.0003286933579133011,≈ Similar
TLI,0.9658292460859459,0.9659546215950193,0.0001253755090734332,≈ Similar
RMSEA,0.061012841243042626,0.06090080763618491,-0.00011203360685771435,≈ Similar
AIC,135.03701322812555,137.0506326268664,2.0136193987408433,→ Better
BIC,423.37577069973787,429.62966594364946,6.253895243911586,→ Better
LogLik,0.4814933859372328,0.4746836865668005,-0.006809699370432298,
