Metric,UTAUT2-Only,UTAUT2+Trust,Difference,Interpretation
χ²,244.62868307631547,241.58267323925986,-3.046009837055607,→ Better
df,85.0,84.0,-1.0,
χ²/df,2.877984506780182,2.875984205229284,-0.0020003015508978095,
CFI,0.9793179737869495,0.979583061666312,0.0002650878793625244,≈ Similar
TLI,0.9669087580591192,0.9669440046026004,3.524654348119327e-05,≈ Similar
RMSEA,0.05998059243561663,0.05994864029833636,-3.195213728027224e-05,≈ Similar
AIC,135.06451746433532,137.07616568550952,2.011648221174198,→ Better
BIC,424.7160570207501,430.9872867059892,6.2712296852391205,→ Better
LogLik,0.46774126783234315,0.46191715724523874,-0.005824110587104414,
