Factor,N_Items,Cronbach_Alpha,CR,AVE,CR_Status,AVE_Status
F1,10,0.9360816615174157,0.9364076739688859,0.5968062801814507,✓,✓
F3,4,0.4893617021276593,0.5758823622450804,0.3273368112335591,⚠️,⚠️
F2,6,0.7746026290918463,0.757262221722237,0.36570074355604326,✓,⚠️
F4,4,0.5540816092744062,0.5751903993718641,0.34781455494139996,⚠️,⚠️
