Factor,N_Items,Cronbach_Alpha,Composite_Reliability,AVE,CR_Status,AVE_Status
Facilitators,20,0.8910422027387498,0.8968326580776697,0.38355633599671696,✓,⚠️
Inhibitors,4,0.11928055135316842,0.001471641353474849,0.008589831345762597,⚠️,⚠️
