{
  "scale_name": "AIRS 15-Item Scale",
  "created": "2025-11-25",
  "source": "01_EFA_Streamlined.ipynb",
  "n_items": 15,
  "n_factors": 2,
  "selection_method": "Loading-based with factor identification constraints",
  "items": [
    "PE1",
    "PE2",
    "SI1",
    "HM1",
    "HM2",
    "PV1",
    "PV2",
    "HB1",
    "HB2",
    "VO1",
    "TR1",
    "TR2",
    "ER1",
    "ER2",
    "AX1"
  ],
  "psychometrics": {
    "kmo": 0.9308752511091786,
    "cronbach_alpha": 0.9157191629525719,
    "total_variance_explained": 0.7115999834337305
  },
  "factor_structure": {
    "n_factors": 2,
    "factor_sizes": [
      12,
      3
    ],
    "strong_loadings": 15
  },
  "factor_loadings": {
    "PE1": {
      "primary_factor": "F1",
      "factor1_loading": 0.8591608161152339,
      "factor2_loading": -0.07380168564011884,
      "max_loading": 0.8591608161152339
    },
    "PE2": {
      "primary_factor": "F1",
      "factor1_loading": 0.8626094725881911,
      "factor2_loading": -0.008312863630837592,
      "max_loading": 0.8626094725881911
    },
    "SI1": {
      "primary_factor": "F1",
      "factor1_loading": 0.8380524320535129,
      "factor2_loading": 0.028750221945213244,
      "max_loading": 0.8380524320535129
    },
    "HM1": {
      "primary_factor": "F1",
      "factor1_loading": 0.8716649305614851,
      "factor2_loading": -0.044531505395562984,
      "max_loading": 0.8716649305614851
    },
    "HM2": {
      "primary_factor": "F1",
      "factor1_loading": 0.908526451453374,
      "factor2_loading": 0.051361330402971944,
      "max_loading": 0.908526451453374
    },
    "PV1": {
      "primary_factor": "F1",
      "factor1_loading": 0.8920800801366949,
      "factor2_loading": 0.034034449617168776,
      "max_loading": 0.8920800801366949
    },
    "PV2": {
      "primary_factor": "F1",
      "factor1_loading": 0.8443801438819818,
      "factor2_loading": -0.0818848403043508,
      "max_loading": 0.8443801438819818
    },
    "HB1": {
      "primary_factor": "F1",
      "factor1_loading": 0.8719748762876841,
      "factor2_loading": 0.06426882642040531,
      "max_loading": 0.8719748762876841
    },
    "HB2": {
      "primary_factor": "F1",
      "factor1_loading": 0.8887092914656471,
      "factor2_loading": 0.09460668031170791,
      "max_loading": 0.8887092914656471
    },
    "VO1": {
      "primary_factor": "F1",
      "factor1_loading": 0.856978884559837,
      "factor2_loading": 0.01684913476554789,
      "max_loading": 0.856978884559837
    },
    "TR1": {
      "primary_factor": "F1",
      "factor1_loading": 0.8702676170475787,
      "factor2_loading": -0.0576883088307435,
      "max_loading": 0.8702676170475787
    },
    "TR2": {
      "primary_factor": "F1",
      "factor1_loading": 0.8683791427842728,
      "factor2_loading": -0.04692710623441736,
      "max_loading": 0.8683791427842728
    },
    "ER1": {
      "primary_factor": "F2",
      "factor1_loading": 0.24132914845866346,
      "factor2_loading": 0.5654904836323014,
      "max_loading": 0.5654904836323014
    },
    "ER2": {
      "primary_factor": "F2",
      "factor1_loading": -0.20557926192238082,
      "factor2_loading": 0.6035571262807004,
      "max_loading": 0.6035571262807004
    },
    "AX1": {
      "primary_factor": "F2",
      "factor1_loading": -0.19900324970019415,
      "factor2_loading": 0.858788735968377,
      "max_loading": 0.858788735968377
    }
  },
  "semantic_metadata": {
    "PE1": {
      "item_code": "PE1",
      "construct": "Performance Expectancy",
      "construct_abbr": "PE",
      "hypothesis": "H1",
      "question_text": "AI tools help me accomplish tasks more quickly.",
      "direction": "POSITIVE",
      "expected_BI_relationship": "Higher scores → Higher adoption",
      "theoretical_note": "Perceived productivity gain",
      "provenance": "Direct (UTAUT)"
    },
    "PE2": {
      "item_code": "PE2",
      "construct": "Performance Expectancy",
      "construct_abbr": "PE",
      "hypothesis": "H1",
      "question_text": "Using AI improves the quality of my work or studies.",
      "direction": "POSITIVE",
      "expected_BI_relationship": "Higher scores → Higher adoption",
      "theoretical_note": "Perceived quality improvement",
      "provenance": "Direct (UTAUT)"
    },
    "SI1": {
      "item_code": "SI1",
      "construct": "Social Influence",
      "construct_abbr": "SI",
      "hypothesis": "H1",
      "question_text": "People whose opinions I value encourage me to use AI tools.",
      "direction": "POSITIVE",
      "expected_BI_relationship": "Higher scores → Higher adoption",
      "theoretical_note": "Social encouragement from valued others",
      "provenance": "Direct (UTAUT)"
    },
    "HM1": {
      "item_code": "HM1",
      "construct": "Hedonic Motivation",
      "construct_abbr": "HM",
      "hypothesis": "H1",
      "question_text": "Using AI tools is stimulating and engaging.",
      "direction": "POSITIVE",
      "expected_BI_relationship": "Higher scores → Higher adoption",
      "theoretical_note": "Intrinsic enjoyment and stimulation",
      "provenance": "Direct (UTAUT2)"
    },
    "HM2": {
      "item_code": "HM2",
      "construct": "Hedonic Motivation",
      "construct_abbr": "HM",
      "hypothesis": "H1",
      "question_text": "AI tools make my work or studies more interesting.",
      "direction": "POSITIVE",
      "expected_BI_relationship": "Higher scores → Higher adoption",
      "theoretical_note": "Enhanced interest and engagement",
      "provenance": "Direct (UTAUT2)"
    },
    "PV1": {
      "item_code": "PV1",
      "construct": "Price Value",
      "construct_abbr": "PV",
      "hypothesis": "H1",
      "question_text": "I get more value from AI tools than the effort they require.",
      "direction": "POSITIVE",
      "expected_BI_relationship": "Higher scores → Higher adoption",
      "theoretical_note": "Perceived value-effort tradeoff",
      "provenance": "Adapted (UTAUT2) - effort substituted for monetary cost"
    },
    "PV2": {
      "item_code": "PV2",
      "construct": "Price Value",
      "construct_abbr": "PV",
      "hypothesis": "H1",
      "question_text": "Using AI tools is worth the learning curve.",
      "direction": "POSITIVE",
      "expected_BI_relationship": "Higher scores → Higher adoption",
      "theoretical_note": "Acceptable cost-benefit perception",
      "provenance": "Adapted (UTAUT2) - effort substituted for monetary cost"
    },
    "HB1": {
      "item_code": "HB1",
      "construct": "Habit",
      "construct_abbr": "HB",
      "hypothesis": "H1",
      "question_text": "Using AI tools has become a habit for me.",
      "direction": "POSITIVE",
      "expected_BI_relationship": "Higher scores → Higher adoption",
      "theoretical_note": "Habitual usage pattern",
      "provenance": "Direct (UTAUT2)"
    },
    "HB2": {
      "item_code": "HB2",
      "construct": "Habit",
      "construct_abbr": "HB",
      "hypothesis": "H1",
      "question_text": "I tend to rely on AI tools by default when I need help with tasks.",
      "direction": "POSITIVE",
      "expected_BI_relationship": "Higher scores → Higher adoption",
      "theoretical_note": "Default reliance behavior",
      "provenance": "Adapted (UTAUT2)"
    },
    "VO1": {
      "item_code": "VO1",
      "construct": "Voluntariness",
      "construct_abbr": "VO",
      "hypothesis": "H1",
      "question_text": "I choose to use AI tools in my work because I find them helpful, not because I am required to.",
      "direction": "POSITIVE",
      "expected_BI_relationship": "Higher scores → Higher adoption",
      "theoretical_note": "Autonomous motivation and choice",
      "provenance": "UTAUT2 extension"
    },
    "TR1": {
      "item_code": "TR1",
      "construct": "Trust in AI",
      "construct_abbr": "TR",
      "hypothesis": "H2",
      "question_text": "I trust AI tools to provide reliable information.",
      "direction": "POSITIVE",