Factor,N_Items,Cronbach_Alpha,Composite_Reliability,AVE,CR_Status,AVE_Status
Facilitators,20,0.9570045052411469,0.9571047791616327,0.5393483217243925,✓,✓
Inhibitors,4,0.613648800901336,0.6248393544910407,0.37096728378603894,⚠️,⚠️
