Factor,n_items,Cronbach_α,CR,AVE
F1,12,0.9666848937366499,0.9671683115773058,0.7108732908703793
F2,2,0.7217294900221729,0.7833896732472526,0.6606194138063692
