{
  "scale_name": "AIRS 15-Item Scale",
  "created": "2025-11-25",
  "source": "01_EFA_Streamlined.ipynb",
  "n_items": 15,
  "n_factors": 2,
  "selection_method": "Loading-based with factor identification constraints",
  "items": [
    "PE1",
    "PE2",
    "SI1",
    "HM1",
    "HM2",
    "PV1",
    "PV2",
    "HB1",
    "HB2",
    "VO1",
    "TR1",
    "TR2",
    "ER1",
    "ER2",
    "AX2"
  ],
  "psychometrics": {
    "kmo": 0.9180502718377133,
    "cronbach_alpha": 0.9062094433995662,
    "total_variance_explained": 0.5931282465230215
  },
  "factor_structure": {
    "n_factors": 2,
    "factor_sizes": [
      12,
      3
    ],
    "strong_loadings": 15
  },
  "factor_loadings": {
    "PE1": {
      "primary_factor": "F1",
      "factor1_loading": 0.7860980959846323,
      "factor2_loading": 0.03071177345558668,
      "max_loading": 0.7860980959846323
    },
    "PE2": {
      "primary_factor": "F1",
      "factor1_loading": 0.8162155195375983,
      "factor2_loading": -0.05400099478920211,
      "max_loading": 0.8162155195375983
    },
    "SI1": {
      "primary_factor": "F1",
      "factor1_loading": 0.7119464569852993,
      "factor2_loading": 0.006038395184646071,
      "max_loading": 0.7119464569852993
    },
    "HM1": {
      "primary_factor": "F1",
      "factor1_loading": 0.7945323397100947,
      "factor2_loading": -0.05245392832845357,
      "max_loading": 0.7945323397100947
    },
    "HM2": {
      "primary_factor": "F1",
      "factor1_loading": 0.8265583618228708,
      "factor2_loading": -0.04004314497738266,
      "max_loading": 0.8265583618228708
    },
    "PV1": {
      "primary_factor": "F1",
      "factor1_loading": 0.8265840571329532,
      "factor2_loading": -0.01703730989196648,
      "max_loading": 0.8265840571329532
    },
    "PV2": {
      "primary_factor": "F1",
      "factor1_loading": 0.7875672055251719,
      "factor2_loading": -0.06701611935370187,
      "max_loading": 0.7875672055251719
    },
    "HB1": {
      "primary_factor": "F1",
      "factor1_loading": 0.7811047844254816,
      "factor2_loading": 0.031438064484590585,
      "max_loading": 0.7811047844254816
    },
    "HB2": {
      "primary_factor": "F1",
      "factor1_loading": 0.7749285227858963,
      "factor2_loading": 0.08212045626656825,
      "max_loading": 0.7749285227858963
    },
    "VO1": {
      "primary_factor": "F1",
      "factor1_loading": 0.8167358196175121,
      "factor2_loading": -0.07692955859408847,
      "max_loading": 0.8167358196175121
    },
    "TR1": {
      "primary_factor": "F1",
      "factor1_loading": 0.8068004223065983,
      "factor2_loading": 0.07501523738479782,
      "max_loading": 0.8068004223065983
    },
    "TR2": {
      "primary_factor": "F1",
      "factor1_loading": 0.8331240680629897,
      "factor2_loading": 0.09044834594967778,
      "max_loading": 0.8331240680629897
    },
    "ER1": {
      "primary_factor": "F2",
      "factor1_loading": 0.0033401463433933437,
      "factor2_loading": 0.6840891496842478,
      "max_loading": 0.6840891496842478
    },
    "ER2": {
      "primary_factor": "F2",
      "factor1_loading": -0.1768177009262606,
      "factor2_loading": 0.5401238864640867,
      "max_loading": 0.5401238864640867
    },
    "AX2": {
      "primary_factor": "F2",
      "factor1_loading": 0.17125094187065157,
      "factor2_loading": 0.6359170375358801,
      "max_loading": 0.6359170375358801
    }
  },
  "semantic_metadata": {
    "PE1": {
      "item_code": "PE1",
      "construct": "Performance Expectancy",
      "construct_abbr": "PE",
      "hypothesis": "H1",
      "question_text": "AI tools help me accomplish tasks more quickly.",
      "direction": "POSITIVE",
      "expected_BI_relationship": "Higher scores → Higher adoption",
      "theoretical_note": "Perceived productivity gain",
      "provenance": "Direct (UTAUT)"
    },
    "PE2": {
      "item_code": "PE2",
      "construct": "Performance Expectancy",
      "construct_abbr": "PE",
      "hypothesis": "H1",
      "question_text": "Using AI improves the quality of my work or studies.",
      "direction": "POSITIVE",
      "expected_BI_relationship": "Higher scores → Higher adoption",
      "theoretical_note": "Perceived quality improvement",
      "provenance": "Direct (UTAUT)"
    },
    "SI1": {
      "item_code": "SI1",
      "construct": "Social Influence",
      "construct_abbr": "SI",
      "hypothesis": "H1",
      "question_text": "People whose opinions I value encourage me to use AI tools.",
      "direction": "POSITIVE",
      "expected_BI_relationship": "Higher scores → Higher adoption",
      "theoretical_note": "Social encouragement from valued others",
      "provenance": "Direct (UTAUT)"
    },
    "HM1": {
      "item_code": "HM1",
      "construct": "Hedonic Motivation",
      "construct_abbr": "HM",
      "hypothesis": "H1",
      "question_text": "Using AI tools is stimulating and engaging.",
      "direction": "POSITIVE",
      "expected_BI_relationship": "Higher scores → Higher adoption",
      "theoretical_note": "Intrinsic enjoyment and stimulation",
      "provenance": "Direct (UTAUT2)"
    },
    "HM2": {
      "item_code": "HM2",
      "construct": "Hedonic Motivation",
      "construct_abbr": "HM",
      "hypothesis": "H1",
      "question_text": "AI tools make my work or studies more interesting.",
      "direction": "POSITIVE",
      "expected_BI_relationship": "Higher scores → Higher adoption",
      "theoretical_note": "Enhanced interest and engagement",
      "provenance": "Direct (UTAUT2)"
    },
    "PV1": {
      "item_code": "PV1",
      "construct": "Price Value",
      "construct_abbr": "PV",
      "hypothesis": "H1",
      "question_text": "I get more value from AI tools than the effort they require.",
      "direction": "POSITIVE",
      "expected_BI_relationship": "Higher scores → Higher adoption",
      "theoretical_note": "Perceived value-effort tradeoff",
      "provenance": "Adapted (UTAUT2) - effort substituted for monetary cost"
    },
    "PV2": {
      "item_code": "PV2",
      "construct": "Price Value",
      "construct_abbr": "PV",
      "hypothesis": "H1",
      "question_text": "Using AI tools is worth the learning curve.",
      "direction": "POSITIVE",
      "expected_BI_relationship": "Higher scores → Higher adoption",
      "theoretical_note": "Acceptable cost-benefit perception",
      "provenance": "Adapted (UTAUT2) - effort substituted for monetary cost"
    },
    "HB1": {
      "item_code": "HB1",
      "construct": "Habit",
      "construct_abbr": "HB",
      "hypothesis": "H1",
      "question_text": "Using AI tools has become a habit for me.",
      "direction": "POSITIVE",
      "expected_BI_relationship": "Higher scores → Higher adoption",
      "theoretical_note": "Habitual usage pattern",
      "provenance": "Direct (UTAUT2)"
    },
    "HB2": {
      "item_code": "HB2",
      "construct": "Habit",
      "construct_abbr": "HB",
      "hypothesis": "H1",
      "question_text": "I tend to rely on AI tools by default when I need help with tasks.",
      "direction": "POSITIVE",
      "expected_BI_relationship": "Higher scores → Higher adoption",
      "theoretical_note": "Default reliance behavior",
      "provenance": "Adapted (UTAUT2)"
    },
    "VO1": {
      "item_code": "VO1",
      "construct": "Voluntariness",
      "construct_abbr": "VO",
      "hypothesis": "H1",
      "question_text": "I choose to use AI tools in my work because I find them helpful, not because I am required to.",
      "direction": "POSITIVE",
      "expected_BI_relationship": "Higher scores → Higher adoption",
      "theoretical_note": "Autonomous motivation and choice",
      "provenance": "UTAUT2 extension"
    },
    "TR1": {
      "item_code": "TR1",
      "construct": "Trust in AI",
      "construct_abbr": "TR",
      "hypothesis": "H2",
      "question_text": "I trust AI tools to provide reliable information.",
      "direction": "POSITIVE",