{
  "population": "full",
  "n_holdout": 255,
  "n_factors": 2,
  "factor_names": {
    "F1": "Facilitators",
    "F2": "Inhibitors"
  },
  "fit_indices": {
    "chi2": 1030.5962849768475,
    "df": 251,
    "CFI": 0.8238217145502643,
    "TLI": 0.8062740765572628,
    "RMSEA": 0.11058116509484858,
    "SRMR": null,
    "AIC": 89.91689188253453,
    "BIC": 263.43880559529737
  },
  "reliability": {
    "Facilitators": {
      "alpha": 0.9570045052411469,
      "CR": 0.9571047791616327,
      "AVE": 0.5393483217243925
    },
    "Inhibitors": {
      "alpha": 0.613648800901336,
      "CR": 0.6248393544910407,
      "AVE": 0.37096728378603894
    }
  },
  "items_per_factor": {
    "F1": [
      "PE1",
      "PE2",
      "EE1",
      "EE2",
      "SI1",
      "SI2",
      "FC1",
      "FC2",
      "HM1",
      "HM2",
      "PV1",
      "PV2",
      "HB1",
      "HB2",
      "VO1",
      "VO2",
      "TR1",
      "TR2",
      "EX1",
      "EX2"
    ],
    "F2": [
      "ER1",
      "ER2",
      "AX1",
      "AX2"
    ]
  }
}