{
  "population": "academic",
  "n_dev": 137,
  "method": "minres",
  "rotation": "promax",
  "kmo": 0.8853795377091751,
  "bartlett_chi2": 1128.4752922497423,
  "bartlett_p": 4.455323443058644e-171,
  "pa_recommended": 1,
  "kaiser_recommended": 3,
  "solutions_tested": [
    1,
    2,
    3,
    4
  ],
  "solutions": {
    "1F": {
      "n_factors": 1,
      "variance_explained": 43.054008766345326,
      "good_loadings": 11,
      "good_communalities": 10,
      "items_per_factor": {
        "F1": [
          "PE2",
          "EE1",
          "SI1",
          "FC1",
          "HM1",
          "HM2",
          "PV1",
          "PV2",
          "HB1",
          "HB2",
          "VO1",
          "TR1",
          "EX1",
          "ER2",
          "AX2"
        ]
      },
      "loadings": {
        "PE2": {
          "F1": 0.7786912176504918
        },
        "EE1": {
          "F1": 0.5346040701072362
        },
        "SI1": {
          "F1": 0.6691603990310937
        },
        "FC1": {
          "F1": 0.362167500432777
        },
        "HM1": {
          "F1": 0.7635977040281684
        },
        "HM2": {
          "F1": 0.8243646946037602
        },
        "PV1": {
          "F1": 0.8197084445808064
        },
        "PV2": {
          "F1": 0.7958966202745762
        },
        "HB1": {
          "F1": 0.7484660464035826
        },
        "HB2": {
          "F1": 0.6907154881621381
        },
        "VO1": {
          "F1": 0.7714407096517557
        },
        "TR1": {
          "F1": 0.689451073158101
        },
        "EX1": {
          "F1": 0.41573528668530085
        },
        "ER2": {
          "F1": -0.3133904025053411
        },
        "AX2": {
          "F1": 0.2004112101926251
        }
      },
      "reliability": {
        "F1": 0.8876517299986199
      }
    },
    "2F": {
      "n_factors": 2,
      "variance_explained": 42.07470507836663,
      "good_loadings": 8,
      "good_communalities": 5,
      "items_per_factor": {
        "F1": [
          "PE2",
          "HB1",
          "HB2",
          "VO1",
          "TR1",
          "ER2"
        ],
        "F2": [
          "EE1",
          "SI1",
          "FC1",
          "HM1",
          "HM2",
          "PV1",
          "PV2",
          "EX1",
          "AX2"
        ]
      },
      "loadings": {
        "PE2": {
          "F1": 0.5057786797769674,
          "F2": 0.3213936629360187
        },
        "EE1": {
          "F1": 0.19241414808383775,
          "F2": 0.3820092146595985
        },
        "SI1": {
          "F1": 0.17375472252581478,
          "F2": 0.5494054520876315
        },
        "FC1": {
          "F1": -0.04532737092248673,
          "F2": 0.44228034238927294
        },
        "HM1": {
          "F1": 0.21859523052499535,
          "F2": 0.6062316958022782
        },
        "HM2": {
          "F1": 0.4082823137089763,
          "F2": 0.4720121792908762
        },
        "PV1": {
          "F1": 0.3202999071835221,
          "F2": 0.55986619323178
        },
        "PV2": {
          "F1": 0.3779350103628897,
          "F2": 0.47236475627655267
        },
        "HB1": {
          "F1": 1.0672211529609013,
          "F2": -0.25994870960034683
        },
        "HB2": {
          "F1": 0.9759049922303401,
          "F2": -0.2357803980230186
        },
        "VO1": {
          "F1": 0.5893251469390858,
          "F2": 0.22916605896565395
        },
        "TR1": {
          "F1": 0.38464782179363105,
          "F2": 0.35068530992782737
        },
        "EX1": {
          "F1": -0.2920517947435205,
          "F2": 0.7637198302565233
        },
        "ER2": {
          "F1": -0.2661378984755611,
          "F2": -0.06497212552521531
        },
        "AX2": {
          "F1": 0.089052795049418,
          "F2": 0.12581660761573307
        }
      },
      "reliability": {
        "F1": 0.7419377652050919,
        "F2": 0.842410647027099
      }
    },
    "3F": {
      "n_factors": 3,
      "variance_explained": 43.3215200854142,
      "good_loadings": 11,
      "good_communalities": 8,
      "items_per_factor": {
        "F1": [
          "PE2",
          "EE1",
          "SI1",
          "HM1",
          "HM2",
          "PV1",
          "PV2",
          "VO1",
          "TR1",
          "ER2"
        ],
        "F3": [
          "FC1",
          "EX1",
          "AX2"
        ],
        "F2": [
          "HB1",
          "HB2"
        ]
      },
      "loadings": {
        "PE2": {
          "F1": 0.6526568432106814,
          "F2": 0.19577774110664464,
          "F3": 0.013279278213900347
        },
        "EE1": {
          "F1": 0.508110473662025,
          "F2": -0.02472940711491047,
          "F3": 0.09803170238541993
        },
        "SI1": {
          "F1": 0.4218497796907563,
          "F2": 0.0499867833670052,
          "F3": 0.3481748113371491
        },
        "FC1": {
          "F1": -0.03234901728821268,
          "F2": -0.0014762965465414898,
          "F3": 0.6131860380507025
        },
        "HM1": {
          "F1": 0.5469414457694319,
          "F2": 0.06246889040728944,
          "F3": 0.2921366508259148
        },
        "HM2": {
          "F1": 0.6191654230716367,
          "F2": 0.1704021937655246,
          "F3": 0.1557407564627034
        },
        "PV1": {
          "F1": 0.8389677039441528,
          "F2": -0.017879130464468602,
          "F3": 0.048894189546524525
        },
        "PV2": {
          "F1": 0.7812116065533784,
          "F2": 0.046164289184719265,
          "F3": 0.02185312403653736
        },
        "HB1": {
          "F1": 0.28996217383279854,
          "F2": 0.67661905362445,
          "F3": 0.0041080378897049305
        },
        "HB2": {
          "F1": 0.10421335989630706,
          "F2": 0.8083713173411199,
          "F3": 0.06120927971188576
        },
        "VO1": {
          "F1": 0.6956132227075105,
          "F2": 0.20816681878913715,
          "F3": -0.06784522529804564
        },
        "TR1": {
          "F1": 0.4019443055265044,
          "F2": 0.21495336839399834,
          "F3": 0.2218986614055834
        },
        "EX1": {
          "F1": 0.37626099495960014,
          "F2": -0.27588445179341803,
          "F3": 0.3968220831019716
        },
        "ER2": {
          "F1": -0.55166566709204,
          "F2": -0.02041786702519458,
          "F3": 0.34068575770850995
        },
        "AX2": {
          "F1": -0.12325363085891626,
          "F2": 0.13457414241184526,
          "F3": 0.3376988225099322
        }
      },
      "reliability": {
        "F1": 0.8695112884832895,
        "F3": 0.40519690302456424,
        "F2": 0.8791063721756789
      }
    },
    "4F": {
      "n_factors": 4,
      "variance_explained": 48.21030513054503,
      "good_loadings": 10,
      "good_communalities": 8,
      "items_per_factor": {
        "F1": [
          "PE2",
          "SI1",
          "HM1",
          "HM2",
          "PV2",
          "TR1",
          "ER2"
        ],
        "F2": [
          "EE1",
          "PV1",
          "VO1",
          "EX1"
        ],
        "F4": [
          "FC1",
          "AX2"
        ],
        "F3": [
          "HB1",
          "HB2"
        ]
      },
      "loadings": {
        "PE2": {
          "F1": 0.6662860491300088,
          "F2": 0.08892388600182471,
          "F3": 0.13612807850750375,
          "F4": -0.04134376316803971
        },
        "EE1": {
          "F1": -0.2016776181539258,
          "F2": 0.7649853561172727,
          "F3": 0.06431498347645925,
          "F4": 0.08409880174683348
        },
        "SI1": {
          "F1": 0.4068820358554195,
          "F2": 0.1530118446474791,
          "F3": 0.024062743907146217,
          "F4": 0.2711054767142369
        },
        "FC1": {
          "F1": 0.0013358829224043457,
          "F2": 0.11112298718264906,
          "F3": -0.005068092870861809,
          "F4": 0.5597406625322381
        },
        "HM1": {
          "F1": 0.7937787382733835,