{
  "population": "academic",
  "n_holdout": 59,
  "n_factors": 2,
  "factor_names": {
    "F1": "Facilitators",
    "F2": "Inhibitors"
  },
  "small_sample_warning": true,
  "bootstrap_iterations": 500,
  "fit_indices": {
    "chi2": 465.5105060835954,
    "df": 251,
    "CFI": 0.7048505520386841,
    "TLI": 0.6754531966640509,
    "RMSEA": 0.12138734881344665,
    "SRMR": null,
    "AIC": 82.21998284462389,
    "BIC": 184.01931759600416
  },
  "reliability": {
    "Inhibitors": {
      "alpha": 0.6853389412025132,
      "CR": 0.6669106171888193,
      "AVE": 0.20288468154850428
    },
    "Facilitators": {
      "alpha": 0.8262279877535065,
      "CR": 0.8646568089285336,
      "AVE": 0.4961456011264372
    }
  },
  "items_per_factor": {
    "F2": [
      "PE1",
      "EE1",
      "EE2",
      "SI2",
      "FC1",
      "FC2",
      "VO1",
      "VO2",
      "EX1",
      "EX2",
      "AX2"
    ],
    "F1": [
      "PE2",
      "SI1",
      "HM1",
      "HM2",
      "PV1",
      "PV2",
      "HB1",
      "HB2",
      "TR1",
      "TR2",
      "ER1",
      "ER2",
      "AX1"
    ]
  }
}