{
  "scale_name": "AIRS 15-Item Scale",
  "created": "2025-11-25",
  "source": "01_EFA_Streamlined.ipynb",
  "n_items": 15,
  "n_factors": 2,
  "selection_method": "Loading-based with factor identification constraints",
  "items": [
    "PE1",
    "PE2",
    "SI1",
    "HM1",
    "HM2",
    "PV1",
    "PV2",
    "HB1",
    "HB2",
    "VO1",
    "TR1",
    "TR2",
    "ER1",
    "AX1",
    "AX2"
  ],
  "psychometrics": {
    "kmo": 0.936696192592464,
    "cronbach_alpha": 0.9335557576590973,
    "total_variance_explained": 0.7266906816270333
  },
  "factor_structure": {
    "n_factors": 2,
    "factor_sizes": [
      12,
      3
    ],
    "strong_loadings": 15
  },
  "factor_loadings": {
    "PE1": {
      "primary_factor": "F1",
      "factor1_loading": 0.8897930862564918,
      "factor2_loading": 0.015649612240368663,
      "max_loading": 0.8897930862564918
    },
    "PE2": {
      "primary_factor": "F1",
      "factor1_loading": 0.8942735109871016,
      "factor2_loading": 0.044031993644600295,
      "max_loading": 0.8942735109871016
    },
    "SI1": {
      "primary_factor": "F1",
      "factor1_loading": 0.843199368554175,
      "factor2_loading": 0.030655681544852563,
      "max_loading": 0.843199368554175
    },
    "HM1": {
      "primary_factor": "F1",
      "factor1_loading": 0.8870359919325818,
      "factor2_loading": -0.0571305331121954,
      "max_loading": 0.8870359919325818
    },
    "HM2": {
      "primary_factor": "F1",
      "factor1_loading": 0.9194130048247521,
      "factor2_loading": -0.02216527593834018,
      "max_loading": 0.9194130048247521
    },
    "PV1": {
      "primary_factor": "F1",
      "factor1_loading": 0.873385186493089,
      "factor2_loading": 0.016573316295070997,
      "max_loading": 0.873385186493089
    },
    "PV2": {
      "primary_factor": "F1",
      "factor1_loading": 0.8717972041399927,
      "factor2_loading": -0.14777729775424236,
      "max_loading": 0.8717972041399927
    },
    "HB1": {
      "primary_factor": "F1",
      "factor1_loading": 0.844060828290154,
      "factor2_loading": 0.0935663249510517,
      "max_loading": 0.844060828290154
    },
    "HB2": {
      "primary_factor": "F1",
      "factor1_loading": 0.8628836947588913,
      "factor2_loading": 0.1499818832390204,
      "max_loading": 0.8628836947588913
    },
    "VO1": {
      "primary_factor": "F1",
      "factor1_loading": 0.863723111400823,
      "factor2_loading": -0.011111857173927226,
      "max_loading": 0.863723111400823
    },
    "TR1": {
      "primary_factor": "F1",
      "factor1_loading": 0.8943824182283678,
      "factor2_loading": 0.010252427237185877,
      "max_loading": 0.8943824182283678
    },
    "TR2": {
      "primary_factor": "F1",
      "factor1_loading": 0.8823919240998015,
      "factor2_loading": -0.014777240166548567,
      "max_loading": 0.8823919240998015
    },
    "ER1": {
      "primary_factor": "F2",
      "factor1_loading": 0.06019555007216025,
      "factor2_loading": 0.7608039108036594,
      "max_loading": 0.7608039108036594
    },
    "AX1": {
      "primary_factor": "F2",
      "factor1_loading": -0.3797535048792644,
      "factor2_loading": 0.6513711210665484,
      "max_loading": 0.6513711210665484
    },
    "AX2": {
      "primary_factor": "F2",
      "factor1_loading": 0.20881528008964936,
      "factor2_loading": 0.6372898799694078,
      "max_loading": 0.6372898799694078
    }
  },
  "semantic_metadata": {
    "PE1": {
      "item_code": "PE1",
      "construct": "Performance Expectancy",
      "construct_abbr": "PE",
      "hypothesis": "H1",
      "question_text": "AI tools help me accomplish tasks more quickly.",
      "direction": "POSITIVE",
      "expected_BI_relationship": "Higher scores → Higher adoption",
      "theoretical_note": "Perceived productivity gain",
      "provenance": "Direct (UTAUT)"
    },
    "PE2": {
      "item_code": "PE2",
      "construct": "Performance Expectancy",
      "construct_abbr": "PE",
      "hypothesis": "H1",
      "question_text": "Using AI improves the quality of my work or studies.",
      "direction": "POSITIVE",
      "expected_BI_relationship": "Higher scores → Higher adoption",
      "theoretical_note": "Perceived quality improvement",
      "provenance": "Direct (UTAUT)"
    },
    "SI1": {
      "item_code": "SI1",
      "construct": "Social Influence",
      "construct_abbr": "SI",
      "hypothesis": "H1",
      "question_text": "People whose opinions I value encourage me to use AI tools.",
      "direction": "POSITIVE",
      "expected_BI_relationship": "Higher scores → Higher adoption",
      "theoretical_note": "Social encouragement from valued others",
      "provenance": "Direct (UTAUT)"
    },
    "HM1": {
      "item_code": "HM1",
      "construct": "Hedonic Motivation",
      "construct_abbr": "HM",
      "hypothesis": "H1",
      "question_text": "Using AI tools is stimulating and engaging.",
      "direction": "POSITIVE",
      "expected_BI_relationship": "Higher scores → Higher adoption",
      "theoretical_note": "Intrinsic enjoyment and stimulation",
      "provenance": "Direct (UTAUT2)"
    },
    "HM2": {
      "item_code": "HM2",
      "construct": "Hedonic Motivation",
      "construct_abbr": "HM",
      "hypothesis": "H1",
      "question_text": "AI tools make my work or studies more interesting.",
      "direction": "POSITIVE",
      "expected_BI_relationship": "Higher scores → Higher adoption",
      "theoretical_note": "Enhanced interest and engagement",
      "provenance": "Direct (UTAUT2)"
    },
    "PV1": {
      "item_code": "PV1",
      "construct": "Price Value",
      "construct_abbr": "PV",
      "hypothesis": "H1",
      "question_text": "I get more value from AI tools than the effort they require.",
      "direction": "POSITIVE",
      "expected_BI_relationship": "Higher scores → Higher adoption",
      "theoretical_note": "Perceived value-effort tradeoff",
      "provenance": "Adapted (UTAUT2) - effort substituted for monetary cost"
    },
    "PV2": {
      "item_code": "PV2",
      "construct": "Price Value",
      "construct_abbr": "PV",
      "hypothesis": "H1",
      "question_text": "Using AI tools is worth the learning curve.",
      "direction": "POSITIVE",
      "expected_BI_relationship": "Higher scores → Higher adoption",
      "theoretical_note": "Acceptable cost-benefit perception",
      "provenance": "Adapted (UTAUT2) - effort substituted for monetary cost"
    },
    "HB1": {
      "item_code": "HB1",
      "construct": "Habit",
      "construct_abbr": "HB",
      "hypothesis": "H1",
      "question_text": "Using AI tools has become a habit for me.",
      "direction": "POSITIVE",
      "expected_BI_relationship": "Higher scores → Higher adoption",
      "theoretical_note": "Habitual usage pattern",
      "provenance": "Direct (UTAUT2)"
    },
    "HB2": {
      "item_code": "HB2",
      "construct": "Habit",
      "construct_abbr": "HB",
      "hypothesis": "H1",
      "question_text": "I tend to rely on AI tools by default when I need help with tasks.",
      "direction": "POSITIVE",
      "expected_BI_relationship": "Higher scores → Higher adoption",
      "theoretical_note": "Default reliance behavior",
      "provenance": "Adapted (UTAUT2)"
    },
    "VO1": {
      "item_code": "VO1",
      "construct": "Voluntariness",
      "construct_abbr": "VO",
      "hypothesis": "H1",
      "question_text": "I choose to use AI tools in my work because I find them helpful, not because I am required to.",
      "direction": "POSITIVE",
      "expected_BI_relationship": "Higher scores → Higher adoption",
      "theoretical_note": "Autonomous motivation and choice",
      "provenance": "UTAUT2 extension"
    },
    "TR1": {
      "item_code": "TR1",
      "construct": "Trust in AI",
      "construct_abbr": "TR",
      "hypothesis": "H2",
      "question_text": "I trust AI tools to provide reliable information.",
      "direction": "POSITIVE",