Factor,N_Items,Cronbach_Alpha,CR,AVE,CR_Status,AVE_Status
F1,12,0.9601021251358384,0.9609980955649549,0.6759614953705121,✓,✓
F2,3,0.8346782819519384,0.8438309101448951,0.6445398857023986,✓,✓
F4,3,0.8314123830675757,0.8360671864236012,0.6297422835144881,✓,✓
F3,4,0.66590676701812,0.6612085572367697,0.3824262399788755,⚠️,⚠️
