Factor,N_Items,Cronbach_Alpha,Composite_Reliability,AVE,CR_Status,AVE_Status
Facilitators,20,0.9645550265294529,0.9658269247265289,0.5959125476608095,✓,✓
Inhibitors,4,0.66590676701812,0.6616860578524848,0.3847466407381843,⚠️,⚠️
