,Metric,Value,Threshold,Status
0,Chi-square,227.7338203647066,,
1,df,74.0,,
2,p-value,0.0,>0.05,×
3,Chi-square/df,3.0774840589825216,2-5,√
4,CFI,0.9122008495069012,≥0.90,√
5,TLI,0.8920307743936218,≥0.90,×
6,RMSEA,0.1259311595229627,≤0.08,!
7,SRMR,0.05,≤0.08,√
