Factor,Item,Std_Loading,Meets_Threshold
F1,HM2,0.8871211992327034,True
F1,PV1,0.8845037993505759,True
F1,HM1,0.8803177740763388,True
F1,PV2,0.8760079400406252,True
F1,PE2,0.8726048953987353,True
F1,PE1,0.8351048325096444,True
F1,HB1,0.8218731950972472,True
F1,VO1,0.8195796831860667,True
F1,SI1,0.8190833919692688,True
F1,TR2,0.8153626696037835,True
F1,HB2,0.7990813228386406,True
F1,TR1,0.7990798243752408,True
F2,AX1,1.0,True
F2,ER2,0.5667793464945052,True
